"Transmitter","number_of_detections","first_detection","last_detection","animal_short_name","Transmitter_SN","tag_family","when_encountered","capture_method","tag_lat","tag_lon","tag_location","sex","TNL_cm","SciName","est_tag_expiry_date","Owner","standard_length_cm","disk_length"
"A69-1601-62047",314201,2020-10-12 02:29:22,2023-10-27 20:54:21,NA,NA,NA,NA,NA,NA,NA,NA,NA,NA,NA,NA,NA,NA,NA
"A69-1601-62096",172489,2021-10-29 21:26:51,2023-10-12 16:16:08,NA,NA,NA,NA,NA,NA,NA,NA,NA,NA,NA,NA,NA,NA,NA
"A69-1602-9721",41007,2019-07-02 18:18:19,2021-03-04 14:42:06,NA,NA,NA,NA,NA,NA,NA,NA,NA,NA,NA,NA,NA,NA,NA
"A69-1602-9720",34480,2018-07-19 19:54:56,2020-08-28 23:26:11,NA,NA,NA,NA,NA,NA,NA,NA,NA,NA,NA,NA,NA,NA,NA
"A69-1602-16713",31734,2019-05-31 17:50:16,2022-06-11 19:22:09,NA,NA,NA,NA,NA,NA,NA,NA,NA,NA,NA,NA,NA,NA,NA
"A69-1602-9712",25638,2018-07-19 18:45:07,2020-04-11 19:03:08,NA,NA,NA,NA,NA,NA,NA,NA,NA,NA,NA,NA,NA,NA,NA
"A69-1602-9719",23042,2019-07-01 20:23:42,2021-02-22 00:24:24,NA,NA,NA,NA,NA,NA,NA,NA,NA,NA,NA,NA,NA,NA,NA
"A69-1602-16715",20168,2019-10-17 17:09:12,2022-06-17 11:19:37,NA,NA,NA,NA,NA,NA,NA,NA,NA,NA,NA,NA,NA,NA,NA
"A69-1602-9723",17331,2018-07-19 18:45:32,2021-02-22 23:29:10,NA,NA,NA,NA,NA,NA,NA,NA,NA,NA,NA,NA,NA,NA,NA
"A69-1602-9716",13080,2018-08-14 16:12:07,2019-11-27 22:14:10,NA,NA,NA,NA,NA,NA,NA,NA,NA,NA,NA,NA,NA,NA,NA
"A69-1602-9713",12313,2019-07-03 18:07:37,2021-06-25 15:37:45,NA,NA,NA,NA,NA,NA,NA,NA,NA,NA,NA,NA,NA,NA,NA
"A69-1602-16716",11813,2019-05-30 22:02:54,2020-08-03 02:14:27,NA,NA,NA,NA,NA,NA,NA,NA,NA,NA,NA,NA,NA,NA,NA
"A69-1602-16712",7776,2019-10-17 17:08:21,2021-06-12 13:25:32,NA,NA,NA,NA,NA,NA,NA,NA,NA,NA,NA,NA,NA,NA,NA
"A69-1602-9718",7594,2018-07-19 19:24:34,2019-09-25 07:47:49,NA,NA,NA,NA,NA,NA,NA,NA,NA,NA,NA,NA,NA,NA,NA
"A69-9001-2552",4491,2022-02-14 04:22:07,2023-07-17 14:55:52,NA,NA,NA,NA,NA,NA,NA,NA,NA,NA,NA,NA,NA,NA,NA
"A69-1602-16710",3035,2020-10-15 13:40:58,2021-06-27 09:00:47,NA,NA,NA,NA,NA,NA,NA,NA,NA,NA,NA,NA,NA,NA,NA
"A69-1601-62009",2596,2020-11-11 18:54:52,2020-12-09 17:50:17,NA,NA,NA,NA,NA,NA,NA,NA,NA,NA,NA,NA,NA,NA,NA
"A69-1601-27075",1633,2015-05-20 22:01:23,2020-11-23 21:11:18,NA,NA,NA,NA,NA,NA,NA,NA,NA,NA,"Seriola lalandi",NA,NA,NA,NA
"A69-9001-22778",1620,2017-05-10 17:06:26,2023-05-26 00:21:43,NA,NA,NA,NA,NA,NA,NA,NA,NA,NA,"Galeorhinus galeus",NA,NA,NA,NA
"A69-9001-8559",1438,2019-09-12 20:13:02,2023-03-13 05:42:46,NA,NA,NA,NA,NA,NA,NA,NA,NA,NA,"Galeorhinus galeus",NA,NA,NA,NA
"A69-9001-24655",1274,2015-11-09 09:21:42,2021-05-22 21:18:53,NA,NA,NA,NA,NA,NA,NA,NA,NA,NA,"Galeorhinus galeus",NA,NA,NA,NA
"A69-9001-22774",1222,2017-05-21 21:57:58,2021-07-18 00:59:31,NA,NA,NA,NA,NA,NA,NA,NA,NA,NA,"Galeorhinus galeus",NA,NA,NA,NA
"A69-1602-3228",953,2020-09-07 13:55:44,2021-10-16 09:46:31,"2020-44",1276575,"V13-1x-069k-3",2020-09-04,"dart",34.397899,-119.539882,"Carpinteria","F",243,"Carcharodon carcharias","6/19/2022","Chris Lowe",NA,NA
"A69-1602-9714",912,2018-07-19 18:44:04,2020-03-18 19:01:17,NA,NA,NA,NA,NA,NA,NA,NA,NA,NA,NA,NA,NA,NA,NA
"A69-9001-24664",851,2015-05-08 14:06:28,2019-05-13 15:20:36,NA,NA,NA,NA,NA,NA,NA,NA,NA,NA,"Myliobatis californica",NA,NA,NA,NA
"A69-9001-13354",845,2019-08-07 14:21:31,2023-10-07 18:39:27,NA,NA,NA,NA,NA,NA,NA,NA,NA,NA,"Galeorhinus galeus",NA,NA,NA,NA
"A69-1601-27071",835,2016-09-16 17:15:25,2019-02-02 20:10:52,NA,NA,NA,NA,NA,NA,NA,NA,NA,NA,NA,NA,NA,NA,NA
"A69-9004-12188",818,2022-09-28 03:45:09,2023-04-03 18:07:52,"2022-60",1513481,"V16P-6x-BLU-2-0204m",2022-09-02,"dart",32.9154,-117.26067,"Torrey Pines","F",213.4,"Carcharodon carcharias","8/30/2032","Chris Lowe",NA,NA
"A69-9001-4328",765,2020-07-20 20:13:42,2021-01-01 11:12:35,"2020-16",1342049,"V16-4x-069k-2",2020-04-26,"dart",34.404,-119.5475,"Carpinteria","F",315,"Carcharodon carcharias","4/25/2024","Chris Lowe",NA,NA
"A69-1602-9722",691,2018-07-19 18:45:01,2019-04-09 22:00:30,NA,NA,NA,NA,NA,NA,NA,NA,NA,NA,NA,NA,NA,NA,NA
"A69-9001-22777",651,2017-06-20 07:46:17,2020-01-14 07:42:13,NA,NA,NA,NA,NA,NA,NA,NA,NA,NA,"Galeorhinus galeus",NA,NA,NA,NA
"A69-1602-12253",612,2023-09-23 16:16:03,2023-09-28 00:03:01,"DDT-BR-23-08",1307112,"V13-1x-BLU-1",2023-09-19,NA,NA,NA,"Channel Islands","F",NA,"Myliobatis californica",NA,"Chris Lowe",NA,115
"A69-9001-24596",594,2016-07-20 19:36:13,2019-08-11 12:46:56,NA,NA,NA,NA,NA,NA,NA,NA,NA,NA,"Galeorhinus galeus",NA,NA,NA,NA
"A69-9001-4324",585,2020-07-20 19:33:24,2021-11-22 03:45:27,"2020-12",1342045,"V16-4x-069k-2",2020-04-26,"dart",34.404,-119.5475,"Carpinteria","F",230,"Carcharodon carcharias","4/25/2024","Chris Lowe",NA,NA
"A69-9001-24661",581,2015-07-10 15:01:28,2016-08-11 09:57:42,NA,NA,NA,NA,NA,NA,NA,NA,NA,NA,"Galeorhinus galeus",NA,NA,NA,NA
"A69-9002-4561",557,2021-08-28 00:32:31,2022-02-15 23:00:03,"2021-35",1370687,"V16P-6x-BLU-2-0680m",2021-08-02,"dart",34.4136,-119.56364,"Carpinteria","F",183,"Carcharodon carcharias","11/18/2027","Chris Lowe",NA,NA
"A69-9001-24665",485,2016-10-01 05:41:42,2022-08-18 01:07:44,NA,NA,NA,NA,NA,NA,NA,NA,NA,NA,"Galeorhinus galeus",NA,NA,NA,NA
"A69-9006-7849",480,2020-07-20 19:34:04,2021-01-15 05:54:41,"2020-21",1342087,"V13P-1x-069k-3-0034m",2020-05-21,"dart",34.404,-119.5475,"Carpinteria","U",183,"Carcharodon carcharias","1/13/2021","Chris Lowe",NA,NA
"A69-1602-16718",464,2020-10-15 17:51:42,2020-12-08 21:03:51,NA,NA,NA,NA,NA,NA,NA,NA,NA,NA,NA,NA,NA,NA,NA
"A69-9001-4326",436,2020-07-20 19:30:07,2020-12-12 14:40:18,"2020-15",1342047,"V16-4x-069k-2",2020-04-26,"dart",34.404,-119.5475,"Carpinteria","F",217,"Carcharodon carcharias","12/19/2021","Chris Lowe",NA,NA
"A69-9001-22770",401,2017-01-26 13:22:13,2019-08-07 02:34:09,NA,NA,NA,NA,NA,NA,NA,NA,NA,NA,"Galeorhinus galeus",NA,NA,NA,NA
"A69-1602-8666",395,2020-11-21 10:58:05,2022-02-06 14:45:54,"2020-29",1295004,"V13-1x-069k-3",2020-07-01,"dart",32.962613,-117.268841,"Del Mar","U",227,"Carcharodon carcharias","2/23/2022","Chris Lowe",NA,NA
"A69-9004-12207",379,2023-01-27 21:58:42,2023-10-26 17:43:20,"2022-42",1513500,"V16P-6x-BLU-2-0204m",2022-07-18,"dart",32.916112,-117.26228,"Torrey Pines","F",213.4,"Carcharodon carcharias","7/15/2032","Chris Lowe",NA,NA
"A69-9006-7851",359,2020-07-21 18:59:59,2021-01-09 12:25:27,"2020-19",1342089,"V13P-1x-069k-3-0034m",2020-05-21,"dart",34.404,-119.5475,"Carpinteria","M",155,"Carcharodon carcharias","1/13/2021","Chris Lowe",NA,NA
"A69-9001-4332",354,2020-09-25 14:54:15,2021-11-30 12:42:26,"2020-18",1342053,"V16-4x-069k-2",2020-05-06,"dart",34.404,-119.5475,"Carpinteria","F",229,"Carcharodon carcharias","5/5/2024","Chris Lowe",NA,NA
"A69-9004-12186",345,2022-10-03 18:00:42,2023-04-30 18:47:08,"2022-59",1513479,"V16P-6x-BLU-2-0204m",2022-09-02,"dart",32.91394,-117.26196,"Torrey Pines","M",198.1,"Carcharodon carcharias","8/30/2032","Chris Lowe",NA,NA
"A69-9002-4562",329,2021-08-13 08:15:55,2023-03-02 06:34:53,"2021-37",1370688,"V16P-6x-BLU-2-0680m",2021-08-12,"dart",34.394522,-119.538109,"Carpinteria","F",305,"Carcharodon carcharias","11/28/2027","Chris Lowe",NA,NA
"A69-9006-7854",312,2020-08-01 06:50:17,2021-03-13 17:18:52,"2020-33",1342092,"V13P-1x-069k-3-0034m",2020-07-31,"dart",34.397899,-119.539882,"Carpinteria","U",183,"Carcharodon carcharias","3/25/2021","Chris Lowe",NA,NA
"A69-9001-13343",303,2019-10-15 21:59:31,2020-11-09 20:29:24,NA,NA,NA,NA,NA,NA,NA,NA,NA,NA,"Galeorhinus galeus",NA,NA,NA,NA
"A69-9001-4331",290,2020-07-22 11:50:44,2021-04-17 10:30:35,"2020-22",1342052,"V16-4x-069k-2",2020-05-21,"dart",34.404,-119.5475,"Carpinteria","F",259,"Carcharodon carcharias","5/20/2024","Chris Lowe",NA,NA
"A69-1602-41969",265,2021-09-21 22:17:04,2022-11-03 00:40:00,"21-bat_ray-03",1362759,"V13-1x-BLU-3",2021-09-21,NA,34.392918,-119.540398,"Santa Barbara","M",NA,"Myliobatis californica","8/29/2022","Chris Lowe",61,86
"A69-9006-4060",250,2019-05-12 22:48:59,2019-05-29 01:27:28,NA,NA,NA,NA,NA,NA,NA,NA,NA,NA,NA,NA,NA,NA,NA
"A69-9001-26872",249,2014-05-06 12:45:50,2017-05-10 06:04:37,NA,NA,NA,NA,NA,NA,NA,NA,NA,NA,"Galeorhinus galeus",NA,NA,NA,NA
"A69-9001-26873",242,2015-04-23 09:44:02,2017-04-01 02:52:14,NA,NA,NA,NA,NA,NA,NA,NA,NA,NA,"Galeorhinus galeus",NA,NA,NA,NA
"A69-1601-62095",241,2022-02-11 21:21:44,2022-03-29 23:06:09,NA,NA,NA,NA,NA,NA,NA,NA,NA,NA,NA,NA,NA,NA,NA
"A69-1602-8669",231,2020-07-31 19:03:21,2021-06-29 04:33:44,"2020-35",1295007,"V13-1x-069k-3",2020-07-31,"dart",34.397899,-119.539882,"Carpinteria","F",183,"Carcharodon carcharias","3/25/2022","Chris Lowe",NA,NA
"A69-9001-62307",219,2023-02-02 06:37:23,2023-07-15 13:44:36,"2022-48",1394104,"V16-6x-BLU-2",2022-08-09,"dart",32.91023,-117.259,"Torrey Pines","F",198.1,"Carcharodon carcharias","8/6/2032","Chris Lowe",NA,NA
"A69-1303-46140",213,2013-11-25 20:25:25,2013-12-10 20:30:55,NA,NA,NA,NA,NA,NA,NA,NA,NA,NA,NA,NA,NA,NA,NA
"A69-9006-7853",209,2020-07-23 01:17:17,2020-11-10 15:53:16,"2020-20",1342091,"V13P-1x-069k-3-0034m",2020-05-21,"dart",34.404,-119.5475,"Carpinteria","M",155,"Carcharodon carcharias","1/13/2021","Chris Lowe",NA,NA
"A69-9002-3592",207,2021-07-20 21:31:13,2022-12-19 23:19:16,"2021-18",1382587,"V16TP-6x-BLU-2-0204m",2021-06-01,"dart",34.398305,-119.541996,"Carpinteria","F",220,"Carcharodon carcharias","5/30/2031","Chris Lowe",NA,NA
"A69-1602-29792",203,2018-08-13 19:31:06,2018-09-09 07:12:19,NA,NA,NA,NA,NA,NA,NA,NA,NA,NA,NA,NA,NA,NA,NA
"A69-9001-4342",189,2020-09-06 00:10:51,2021-10-14 04:41:14,"2020-45",1342063,"V16-4x-069k-2",2020-09-04,"dart",34.397899,-119.539882,"Carpinteria","F",305,"Carcharodon carcharias","9/3/2024","Chris Lowe",NA,NA
"A69-9002-3593",189,2021-07-05 09:12:18,2022-12-09 06:26:20,"2021-18",1382587,"V16TP-6x-BLU-2-0204m",2021-06-01,"dart",34.398305,-119.541996,"Carpinteria","F",220,"Carcharodon carcharias","5/30/2031","Chris Lowe",NA,NA
"A69-9001-26871",186,2015-06-30 20:13:21,2016-07-31 14:03:10,NA,NA,NA,NA,NA,NA,NA,NA,NA,NA,"Galeorhinus galeus",NA,NA,NA,NA
"A69-9006-7850",186,2020-07-20 20:47:05,2021-03-15 21:35:04,"2020-32",1342088,"V13P-1x-069k-3-0034m",2020-07-16,"dart",34.397899,-119.539882,"Carpinteria","F",243,"Carcharodon carcharias","3/10/2021","Chris Lowe",NA,NA
"A69-9001-22769",180,2021-02-04 07:20:35,2021-03-30 02:13:36,NA,NA,NA,NA,NA,NA,NA,NA,NA,NA,"Galeorhinus galeus",NA,NA,NA,NA
"A69-9007-609",172,2021-08-28 10:58:54,2021-11-17 04:50:56,"2021-49",1362765,"V13TP-1x-BLU-3-0034m",2021-08-27,"dart",34.395263,-119.539781,"Carpinteria","F",289,"Carcharodon carcharias","5/13/2022","Chris Lowe",NA,NA
"A69-9001-4339",166,2021-03-21 11:12:40,2021-11-28 16:11:55,"2021-02",1342060,"V16-4x-069k-3",2021-03-17,"dart",34.405808,-119.5519,"Carpinteria","F",183,"Carcharodon carcharias","3/16/2025","Chris Lowe",NA,NA
"A69-9001-13501",162,2018-10-17 13:53:26,2023-02-07 10:48:16,"2018-12",1272172,"V16-6x-069k-1",2018-08-29,"gillnet",34.122052,-119.28785,"Oxnard","M",160,"Carcharodon carcharias","8/26/2028","Chris Lowe",NA,NA
"A69-9007-608",158,2021-08-28 10:59:58,2021-11-17 04:52:14,"2021-49",1362765,"V13TP-1x-BLU-3-0034m",2021-08-27,"dart",34.395263,-119.539781,"Carpinteria","F",289,"Carcharodon carcharias","5/13/2022","Chris Lowe",NA,NA
"A69-1601-46843",156,2017-06-29 16:33:10,2017-07-12 01:08:47,NA,NA,NA,NA,NA,NA,NA,NA,NA,NA,NA,NA,NA,NA,NA
"A69-1602-3237",153,2020-07-31 19:40:44,2020-10-29 03:13:05,"2020-34",1276584,"V13-1x-069k-3",2020-07-31,"dart",34.397899,-119.539882,"Carpinteria","U",239,"Carcharodon carcharias","5/15/2022","Chris Lowe",NA,NA
"A69-9001-12060",144,2018-03-20 11:00:18,2020-03-17 04:15:09,NA,NA,NA,NA,NA,NA,NA,NA,NA,NA,NA,NA,NA,NA,NA
"A69-1602-41963",143,2021-09-21 19:17:08,2021-11-03 13:50:47,"21-bat_ray-01",1362753,"V13-1x-BLU-3",2021-09-21,NA,34.392918,-119.540398,"Santa Barbara","F",NA,"Myliobatis californica","8/29/2022","Chris Lowe",65,96
"A69-1601-46826",135,2017-06-29 16:28:58,2017-07-12 01:08:52,NA,NA,NA,NA,NA,NA,NA,NA,NA,NA,NA,NA,NA,NA,NA
"A69-9002-4559",133,2021-08-21 11:51:48,2021-11-11 12:52:15,"2021-38",1370685,"V16P-6x-BLU-2-0680m",2021-08-13,"dart",34.394043,-119.54009,"Carpinteria","F",274,"Carcharodon carcharias","11/29/2027","Chris Lowe",NA,NA
"A69-9001-8009",128,2019-10-24 21:08:11,2020-11-30 21:30:59,NA,NA,NA,NA,NA,NA,NA,NA,NA,NA,"Galeorhinus galeus",NA,NA,NA,NA
"A69-1602-54057",127,2021-09-27 15:28:35,2021-12-31 05:37:46,NA,NA,NA,NA,NA,NA,NA,NA,NA,NA,NA,NA,NA,NA,NA
"A69-9001-8575",123,2020-07-23 23:53:57,2021-03-22 02:25:37,"2020-03",1301916,"V16-4x-069k-2",2020-01-15,"dart",35.20901,-120.86189,"Diablo Canyon","F",259,"Carcharodon carcharias","10/3/2025","Chris Lowe",NA,NA
"A69-1602-8658",115,2020-09-04 15:24:04,2020-11-14 13:20:14,"2020-41",1294996,"V13-1x-069k-3",2020-09-02,"dart",34.397899,-119.539882,"Carpinteria","U",198,"Carcharodon carcharias","4/27/2022","Chris Lowe",NA,NA
"A69-9001-12140",113,2018-01-21 10:11:04,2018-03-27 21:18:52,NA,NA,NA,NA,NA,NA,NA,NA,NA,NA,NA,NA,NA,NA,NA
"A69-9001-12141",111,2019-09-03 13:19:26,2021-12-13 20:10:03,NA,NA,NA,NA,NA,NA,NA,NA,NA,NA,NA,NA,NA,NA,NA
"A69-1602-8659",108,2020-08-03 14:21:18,2021-10-14 22:36:54,"2020-36",1294997,"V13-1x-069k-3",2020-07-31,"dart",34.397899,-119.539882,"Carpinteria","U",183,"Carcharodon carcharias","3/25/2022","Chris Lowe",NA,NA
"A69-1303-52074",106,2013-11-30 08:18:48,2014-11-25 08:11:54,NA,NA,NA,NA,NA,NA,NA,NA,NA,NA,NA,NA,NA,NA,NA
"A69-1601-30029",102,2014-07-28 04:46:56,2022-11-03 11:17:51,"2012-07",1144529,"V16-6x-069k-1",2012-08-16,"purse_seine",33.991,-118.484,"Unknown","M",145,"Carcharodon carcharias","12/11/2020","Chris Lowe",NA,NA
"A69-9001-12153",101,2020-03-16 02:24:32,2020-05-14 16:39:22,NA,NA,NA,NA,NA,NA,NA,NA,NA,NA,NA,NA,NA,NA,NA
"A69-9001-24384",98,2019-10-26 16:33:15,2022-05-24 06:03:54,"2017-2MX",1195909,"V16-6x-069k-2",2017-06-20,"gillnet",27.86618,-114.3887,"Unknown","M",152,"Carcharodon carcharias","6/18/2027","Chris Lowe",NA,NA
"A69-9001-4336",96,2020-08-31 17:43:33,2022-10-11 09:24:45,"2020-40",1342057,"V16-4x-069k-2",2020-08-25,"dart",34.401352,-119.551955,"Carpinteria","U",244,"Carcharodon carcharias","8/24/2024","Chris Lowe",NA,NA
"A69-9004-12229",92,2022-05-09 06:38:51,2023-03-05 08:47:08,"2022-16",1513522,"V16P-6x-BLU-2-0204m",2022-04-27,"dart",34.40894,-119.556,"Carpinteria","F",213.36,"Carcharodon carcharias","4/24/2032","Chris Lowe",NA,NA
"A69-1602-8672",89,2020-09-05 18:33:46,2021-10-14 14:25:09,"2020-42",1295010,"V13-1x-069k-3",2020-09-03,"dart",34.397899,-119.539882,"Carpinteria","F",230,"Carcharodon carcharias","4/28/2022","Chris Lowe",NA,NA
"A69-9001-55574",87,2023-01-30 10:26:00,2023-10-26 09:10:26,NA,NA,NA,NA,NA,NA,NA,NA,NA,NA,NA,NA,NA,NA,NA
"A69-9001-63057",85,2021-09-09 17:57:40,2021-12-03 12:49:48,"2021-51",1382603,"V16-6x-BLU-2",2021-09-10,"dart",34.412692,-119.561933,"Carpinteria","F",274,"Carcharodon carcharias","9/8/2031","Chris Lowe",NA,NA
"A69-1602-8668",84,2020-09-03 10:49:18,2021-06-29 04:29:39,"2020-35",1295006,"V13-1x-069k-3",2020-09-02,"dart",34.397899,-119.539882,"Carpinteria","F",183,"Carcharodon carcharias","4/27/2022","Chris Lowe",NA,NA
"A69-9002-4560",84,2021-09-13 03:42:45,2021-11-26 01:55:12,"2021-36",1370686,"V16P-6x-BLU-2-0680m",2021-08-02,"dart",34.394147,-119.53609,"Carpinteria","F",305,"Carcharodon carcharias","11/18/2027","Chris Lowe",NA,NA
"A69-1601-46760",81,2017-06-29 17:06:44,2017-07-12 01:51:42,NA,NA,NA,NA,NA,NA,NA,NA,NA,NA,NA,NA,NA,NA,NA
"A69-9001-26868",80,2014-10-31 08:29:47,2015-11-15 06:28:48,NA,NA,NA,NA,NA,NA,NA,NA,NA,NA,"Galeorhinus galeus",NA,NA,NA,NA
"A69-9001-4712",79,2022-11-05 22:06:08,2023-10-02 17:35:57,"2022-84",1336196,"V16-6x",2022-10-17,"gillnet",34.123889,-119.275286,"Oxnard","M",166.9,"Carcharodon carcharias","10/14/2032","Chris Lowe",NA,NA
"A69-9001-4330",78,2020-07-21 07:36:11,2020-08-20 18:41:57,"2020-17",1342051,"V16-4x-069k-2",2020-05-06,"dart",34.404,-119.5475,"Carpinteria","F",259,"Carcharodon carcharias","5/5/2024","Chris Lowe",NA,NA
"A69-9001-22779",70,2017-05-31 09:21:53,2019-01-01 11:47:19,NA,NA,NA,NA,NA,NA,NA,NA,NA,NA,"Galeorhinus galeus",NA,NA,NA,NA
"A69-9007-611",62,2021-06-05 14:32:42,2021-11-13 12:47:57,"2021-26",1362766,"V13TP-1x-BLU-3-0034m",2021-06-02,"dart",34.41016,-119.557,"Carpinteria","F",168,"Carcharodon carcharias","2/16/2022","Chris Lowe",NA,NA
"A69-9001-24586",60,2016-04-29 00:42:43,2019-06-08 01:33:38,NA,NA,NA,NA,NA,NA,NA,NA,NA,NA,"Galeorhinus galeus",NA,NA,NA,NA
"A69-1602-12252",58,2023-08-22 17:23:30,2023-09-13 22:19:27,"DDT-BR-23-03",1307111,"V13-1x-BLU-1",2023-07-28,NA,NA,NA,"Channel Islands","F",NA,"Myliobatis californica",NA,"Chris Lowe",NA,116
"A69-9007-610",58,2021-06-05 14:31:32,2021-11-13 12:47:06,"2021-26",1362766,"V13TP-1x-BLU-3-0034m",2021-06-02,"dart",34.41016,-119.557,"Carpinteria","F",168,"Carcharodon carcharias","2/16/2022","Chris Lowe",NA,NA
"A69-9001-24667",55,2014-11-24 00:39:09,2015-03-07 04:14:01,NA,NA,NA,NA,NA,NA,NA,NA,NA,NA,"Galeorhinus galeus",NA,NA,NA,NA
"A69-9001-12065",53,2018-04-13 02:27:37,2018-09-16 05:47:39,NA,NA,NA,NA,NA,NA,NA,NA,NA,NA,NA,NA,NA,NA,NA
"A69-9007-612",52,2021-05-22 08:10:53,2022-02-22 12:09:59,"2021-15",1362767,"V13TP-1x-BLU-3-0034m",2021-05-04,"dart",34.41528,-119.5614,"Carpinteria","M",183,"Carcharodon carcharias","1/18/2022","Chris Lowe",NA,NA
"A69-1602-41967",50,2021-09-21 22:03:23,2021-09-24 03:54:46,"21-bat_ray-02",1362757,"V13-1x-BLU-3",2021-09-21,NA,34.392918,-119.540398,"Santa Barbara","F",NA,"Myliobatis californica","8/29/2022","Chris Lowe",86,115
"A69-1602-58588",50,2020-07-28 03:31:57,2020-07-30 20:39:30,NA,NA,NA,NA,NA,NA,NA,NA,NA,NA,NA,NA,NA,NA,NA
"A69-9001-4343",50,2021-03-24 18:21:15,2021-04-30 12:55:13,"2021-03",1342064,"V16-4x-069k-2",2021-03-24,"dart",34.401111,-119.546389,"Carpinteria","F",243,"Carcharodon carcharias","3/23/2025","Chris Lowe",NA,NA
"A69-1601-45707",48,2017-11-15 14:09:23,2017-12-05 20:16:01,NA,NA,NA,NA,NA,NA,NA,NA,NA,NA,NA,NA,NA,NA,NA
"A69-1602-58593",48,2020-08-07 17:15:29,2021-02-24 08:31:15,NA,NA,NA,NA,NA,NA,NA,NA,NA,NA,NA,NA,NA,NA,NA
"A69-9002-3590",48,2021-06-06 20:04:29,2022-01-22 07:50:04,"2021-22",1382586,"V16TP-6x-BLU-2-0204m",2021-06-02,"dart",34.39888,-119.545,"Carpinteria","F",183,"Carcharodon carcharias","5/31/2031","Chris Lowe",NA,NA
"A69-1602-58596",47,2020-07-03 10:24:09,2020-09-10 01:06:53,NA,NA,NA,NA,NA,NA,NA,NA,NA,NA,NA,NA,NA,NA,NA
"A69-1602-8671",47,2020-09-05 15:19:12,2020-10-26 15:20:05,"2020-43",1295009,"V13-1x-069k-3",2020-09-04,"dart",34.397899,-119.539882,"Carpinteria","F",259,"Carcharodon carcharias","4/29/2022","Chris Lowe",NA,NA
"A69-9007-613",46,2021-05-06 17:14:41,2022-02-22 12:11:15,"2021-15",1362767,"V13TP-1x-BLU-3-0034m",2021-05-04,"dart",34.41528,-119.5614,"Carpinteria","M",183,"Carcharodon carcharias","1/18/2022","Chris Lowe",NA,NA
"A69-1601-30031",45,2020-12-18 21:06:32,2021-06-13 12:09:30,"2017-09",1144531,"V16-6x-069k-1",2017-05-17,"strikenet",33.746748,118.128611,"Unknown","F",176,"Carcharodon carcharias","9/11/2025","Chris Lowe",NA,NA
"A69-9001-24584",45,2015-11-19 00:34:09,2016-08-16 18:47:36,NA,NA,NA,NA,NA,NA,NA,NA,NA,NA,"Galeorhinus galeus",NA,NA,NA,NA
"A69-9001-8565",44,2020-05-07 03:01:49,2021-03-19 15:08:57,"2019-13",1301906,"V16-4x-069k-2",2019-10-07,"dart",35.20901,-120.86189,"Diablo Canyon","U",289.56,"Carcharodon carcharias","6/25/2025","Chris Lowe",NA,NA
"A69-9002-3591",42,2021-07-20 10:08:24,2022-01-06 07:39:41,"2021-22",1382586,"V16TP-6x-BLU-2-0204m",2021-06-02,"dart",34.39888,-119.545,"Carpinteria","F",183,"Carcharodon carcharias","5/31/2031","Chris Lowe",NA,NA
"A69-1602-16711",41,2019-05-30 16:18:52,2019-07-03 18:32:53,NA,NA,NA,NA,NA,NA,NA,NA,NA,NA,NA,NA,NA,NA,NA
"A69-9001-24663",41,2015-07-10 08:33:06,2018-07-25 10:18:27,NA,NA,NA,NA,NA,NA,NA,NA,NA,NA,"Galeorhinus galeus",NA,NA,NA,NA
"A69-1601-36266",40,2016-05-24 20:21:21,2016-07-02 22:02:46,NA,NA,NA,NA,NA,NA,NA,NA,NA,NA,"Stereolepis gigas",NA,NA,NA,NA
"A69-1303-45049",39,2018-04-23 13:02:02,2019-06-04 11:31:03,"2017-08",1104202,"V16-6x-069k-1",2017-05-10,"strikenet",33.745119,-118.11974,"Unknown","F",182,"Carcharodon carcharias","8/29/2025","Chris Lowe",NA,NA
"A69-1602-3229",39,2018-05-26 03:04:42,2018-07-03 05:23:48,"2018-03",1276576,"V13-1x-069k-3",2018-04-15,"dart",34.41,-119.556,"Unknown","U",167,"Carcharodon carcharias","1/28/2020","Chris Lowe",NA,NA
"A69-9001-13353",36,2019-09-10 17:10:56,2021-10-06 08:03:59,NA,NA,NA,NA,NA,NA,NA,NA,NA,NA,"Galeorhinus galeus",NA,NA,NA,NA
"A69-9001-4341",36,2021-03-24 20:42:53,2021-12-29 01:49:34,"2021-04",1342062,"V16-4x-069k-2",2021-03-24,"dart",34.407222,-119.552222,"Carpinteria","F",198,"Carcharodon carcharias","3/23/2025","Chris Lowe",NA,NA
"A69-9004-12228",35,2022-12-28 01:03:04,2023-02-16 19:24:38,"2022-87",1513521,"V16P-6x-BLU-2-0204m",2022-10-20,"dart",34.468201,-120.195776,"Gaviota","F",228.6,"Carcharodon carcharias","10/17/2032","Chris Lowe",NA,NA
"A69-1602-16714",32,2020-11-24 16:33:40,2022-04-18 19:23:22,NA,NA,NA,NA,NA,NA,NA,NA,NA,NA,NA,NA,NA,NA,NA
"A69-1602-9717",32,2018-07-19 18:44:11,2019-07-03 18:19:58,NA,NA,NA,NA,NA,NA,NA,NA,NA,NA,NA,NA,NA,NA,NA
"A69-9001-12148",32,2018-08-29 09:19:42,2018-09-21 13:29:09,NA,NA,NA,NA,NA,NA,NA,NA,NA,NA,NA,NA,NA,NA,NA
"A69-1602-41962",31,2021-04-26 15:28:35,2021-09-25 15:48:39,"2021-13",1362752,"V13-1x-BLU-3",2021-04-01,"dart",32.951648,-117.270783,"Del Mar","M",152,"Carcharodon carcharias","3/9/2022","Chris Lowe",NA,NA
"A69-9001-55589",31,2023-01-29 17:55:58,2023-02-20 08:28:50,NA,NA,NA,NA,NA,NA,NA,NA,NA,NA,NA,NA,NA,NA,NA
"A69-9001-62299",30,2021-10-17 12:30:48,2021-11-17 04:54:38,"2021-65",1394096,"V16-6x-BLU-2",2021-10-16,"dart",34.402052,-119.546619,"Carpinteria","F",243,"Carcharodon carcharias","10/14/2031","Chris Lowe",NA,NA
"A69-1602-3235",29,2018-05-26 03:03:26,2018-07-03 05:25:01,NA,NA,NA,NA,NA,NA,NA,NA,NA,NA,NA,NA,NA,NA,NA
"A69-1602-16719",27,2019-07-02 18:51:17,2019-07-03 18:16:39,NA,NA,NA,NA,NA,NA,NA,NA,NA,NA,NA,NA,NA,NA,NA
"A69-9001-63062",26,2021-08-01 05:27:30,2021-10-26 16:24:54,"2021-34",1382608,"V16-6x-BLU-2",2021-07-29,"dart",34.4097,-119.55908,"Carpinteria","F",243,"Carcharodon carcharias","7/27/2031","Chris Lowe",NA,NA
"A69-9001-8558",26,2020-07-12 12:54:41,2020-10-09 16:15:15,NA,NA,NA,NA,NA,NA,NA,NA,NA,NA,"Galeorhinus galeus",NA,NA,NA,NA
"A69-1602-12246",25,2023-08-03 07:42:43,2023-10-09 18:58:59,"DDT-BR-23-04",1307105,"V13-1x-BLU-1",2023-07-28,NA,NA,NA,"Channel Islands","M",NA,"Myliobatis californica",NA,"Chris Lowe",NA,73.5
"A69-9001-12144",23,2018-08-29 13:43:32,2018-11-03 18:58:01,NA,NA,NA,NA,NA,NA,NA,NA,NA,NA,NA,NA,NA,NA,NA
"A69-1602-9715",22,2018-07-19 18:45:27,2019-07-02 21:59:05,NA,NA,NA,NA,NA,NA,NA,NA,NA,NA,NA,NA,NA,NA,NA
"A69-9001-22780",22,2021-10-28 14:14:46,2021-10-30 08:15:01,NA,NA,NA,NA,NA,NA,NA,NA,NA,NA,"Galeorhinus galeus",NA,NA,NA,NA
"A69-9001-26864",22,2013-12-17 18:45:08,2015-06-28 16:00:27,NA,NA,NA,NA,NA,NA,NA,NA,NA,NA,"Galeorhinus galeus",NA,NA,NA,NA
"A69-9001-4305",22,2022-07-25 11:35:45,2022-07-25 13:38:32,"2022-35",1342066,"V16-6x-069k-1",2022-07-05,"gillnet",34.15256,-119.22833,"Ventura","F",146.9,"Carcharodon carcharias","7/2/2032","Chris Lowe",NA,NA
"A69-9004-14392",21,2021-09-13 14:23:26,2022-01-10 19:52:42,"2021-47",1394089,"V16TP-6x-BLU-2-0204m",2021-08-27,"dart",34.410823,-119.558748,"Carpinteria","M",243,"Carcharodon carcharias","8/25/2031","Chris Lowe",NA,NA
"A69-1602-58097",20,2022-11-04 12:37:04,2023-02-14 23:18:20,NA,NA,NA,NA,NA,NA,NA,NA,NA,NA,NA,NA,NA,NA,NA
"A69-1602-58597",20,2021-05-03 21:59:21,2021-05-04 05:47:57,NA,NA,NA,NA,NA,NA,NA,NA,NA,NA,NA,NA,NA,NA,NA
"A69-9004-14386",20,2021-09-11 22:01:07,2022-11-27 22:34:34,"2021-44",1394086,"V16TP-6x-BLU-2-0204m",2021-08-27,"dart",34.307401,-119.553178,"Carpinteria","F",213,"Carcharodon carcharias","8/25/2031","Chris Lowe",NA,NA
"A69-9004-14387",20,2021-09-11 21:37:17,2022-11-27 21:38:02,"2021-44",1394086,"V16TP-6x-BLU-2-0204m",2021-08-27,"dart",34.307401,-119.553178,"Carpinteria","F",213,"Carcharodon carcharias","8/25/2031","Chris Lowe",NA,NA
"A69-1602-3230",19,2018-04-30 04:23:45,2018-05-01 22:31:21,"2018-05",1276577,"V13-1x-069k-3",2018-04-15,"dart",34.414803,-119.563216,"Unknown","U",225,"Carcharodon carcharias","1/28/2020","Chris Lowe",NA,NA
"A69-9004-14393",19,2021-09-13 14:32:39,2022-01-10 19:59:53,"2021-47",1394089,"V16TP-6x-BLU-2-0204m",2021-08-27,"dart",34.410823,-119.558748,"Carpinteria","M",243,"Carcharodon carcharias","8/25/2031","Chris Lowe",NA,NA
"A69-1602-12255",18,2023-10-08 14:53:19,2023-10-10 04:23:40,"DDT-LS-23-01",1307114,"V13-1x-BLU-1",2023-09-22,NA,NA,NA,"Channel Islands","F",NA,"Triakis semifasciata",NA,"Chris Lowe",88,NA
"A69-9006-7852",18,2020-08-08 19:31:38,2020-08-12 15:48:45,"2020-31",1342090,"V13P-1x-069k-3-0034m",2020-07-15,"dart",34.397899,-119.539882,"Carpinteria","F",243,"Carcharodon carcharias","3/9/2021","Chris Lowe",NA,NA
"A69-1602-54050",17,2021-07-20 23:07:15,2021-07-22 06:18:48,NA,NA,NA,NA,NA,NA,NA,NA,NA,NA,NA,NA,NA,NA,NA
"A69-9004-14394",16,2021-08-31 10:21:48,2021-10-29 11:36:38,"2021-46",1394090,"V16TP-6x-BLU-2-0204m",2021-08-27,"dart",34.408573,-119.558748,"Carpinteria","F",228,"Carcharodon carcharias","8/25/2031","Chris Lowe",NA,NA
"A69-9004-14395",16,2021-08-31 10:18:02,2021-10-30 05:56:50,"2021-46",1394090,"V16TP-6x-BLU-2-0204m",2021-08-27,"dart",34.408573,-119.558748,"Carpinteria","F",228,"Carcharodon carcharias","8/25/2031","Chris Lowe",NA,NA
"A69-1303-32547",14,2015-05-23 20:12:26,2015-05-25 06:27:13,NA,NA,NA,NA,NA,NA,NA,NA,NA,NA,"Carcharodon carcharias",NA,NA,NA,NA
"A69-9001-62301",14,2021-11-06 05:20:31,2023-10-11 13:06:30,"2021-63",1394098,"V16-6x-BLU-2",2021-10-06,"dart",34.41,-119.558,"Carpinteria","M",183,"Carcharodon carcharias","10/4/2031","Chris Lowe",NA,NA
"A69-9004-12248",14,2023-02-23 14:27:10,2023-03-28 00:14:45,"2022-45",1513472,"V16TP-6x-BLU-2-0204m",2022-07-25,"dart",32.91503,-117.262,"Torrey Pines","F",227,"Carcharodon carcharias","7/22/2032","Chris Lowe",NA,NA
"A69-1601-46727",13,2017-06-25 01:46:25,2017-06-25 04:17:50,NA,NA,NA,NA,NA,NA,NA,NA,NA,NA,NA,NA,NA,NA,NA
"A69-9004-12247",13,2023-02-23 23:19:04,2023-03-28 00:11:25,"2022-45",1513472,"V16TP-6x-BLU-2-0204m",2022-07-25,"dart",32.91503,-117.262,"Torrey Pines","F",227,"Carcharodon carcharias","7/22/2032","Chris Lowe",NA,NA
"A69-1602-3234",12,2018-05-24 22:05:28,2018-07-01 14:59:57,"2018-01",1276581,"V13-1x-069k-3",2018-02-04,"dart",34.414214,-119.567053,"Unknown","U",213,"Carcharodon carcharias","11/19/2019","Chris Lowe",NA,NA
"A69-9001-12159",12,2018-09-19 01:53:53,2020-07-15 01:00:57,NA,NA,NA,NA,NA,NA,NA,NA,NA,NA,NA,NA,NA,NA,NA
"A69-9001-13032",12,2020-03-11 22:42:07,2020-03-14 10:43:21,NA,NA,NA,NA,NA,NA,NA,NA,NA,NA,NA,NA,NA,NA,NA
"A69-1604-64951",11,2023-10-06 19:10:17,2023-10-09 14:29:59,"DDT-LS-23-07",1575861,"V13-1x-BLU-1",2023-09-22,NA,NA,NA,"Channel Islands","M",NA,"Triakis semifasciata",NA,"Chris Lowe",103,NA
"A69-1602-41970",10,2022-03-08 05:30:39,2022-03-08 20:35:36,"2021-30",1362760,"V13-1x-BLU-3",2021-06-17,"dart",32.956213,-117.271898,"Del Mar","M",160,"Carcharodon carcharias","5/25/2022","Chris Lowe",NA,NA
"A69-9001-12053",10,2018-12-13 21:45:15,2018-12-14 01:50:57,NA,NA,NA,NA,NA,NA,NA,NA,NA,NA,NA,NA,NA,NA,NA
"A69-9001-24593",10,2014-10-28 20:09:03,2014-10-28 20:29:47,NA,NA,NA,NA,NA,NA,NA,NA,NA,NA,"Triakis semifasciata",NA,NA,NA,NA
"A69-9001-4340",10,2021-03-25 16:59:17,2021-03-25 18:02:16,"2021-05",1342061,"V16-4x-069k-2",2021-03-24,"dart",34.410833,-119.553889,"Carpinteria","F",213,"Carcharodon carcharias","3/23/2025","Chris Lowe",NA,NA
"A69-9001-17757",9,2019-08-31 15:23:08,2019-11-04 14:10:46,"2018-09",1247203,"V16-6x-069k-1",2018-08-04,"gillnet",NA,NA,"Unknown","M",135,"Carcharodon carcharias","8/1/2028","Chris Lowe",NA,NA
"A69-9001-8556",9,2019-10-13 20:49:48,2020-08-10 11:21:21,NA,NA,NA,NA,NA,NA,NA,NA,NA,NA,"Galeorhinus galeus",NA,NA,NA,NA
"A69-1601-37966",8,2018-05-26 10:46:08,2018-06-02 19:15:43,"2017-13",1222964,"V13-1x-069k-3",2017-06-02,"dart",33.439678,-117.645967,"Unknown","U",275,"Carcharodon carcharias","3/17/2019","Chris Lowe",NA,NA
"A69-1602-3233",8,2018-05-14 02:52:23,2020-01-15 22:23:38,"2018-04",1276580,"V13-1x-069k-3",2018-04-15,"dart",34.409333,-119.555333,"Unknown","U",150,"Carcharodon carcharias","1/28/2020","Chris Lowe",NA,NA
"A69-1602-58590",8,2020-12-28 07:27:52,2020-12-28 07:45:07,NA,NA,NA,NA,NA,NA,NA,NA,NA,NA,NA,NA,NA,NA,NA
"A69-9001-4319",8,2020-11-16 15:47:33,2020-11-16 16:55:06,"2020-26",1342080,"V16-6x-069k-1",2020-06-29,"gillnet",34.1505658,-119.2356498,"Oxnard","F",161,"Carcharodon carcharias","6/27/2030","Chris Lowe",NA,NA
"A69-9004-12181",8,2023-01-16 01:50:08,2023-09-26 14:41:22,"2022-63",1513474,"V16P-6x-BLU-2-0204m",2022-09-02,"dart",32.91071,-117.26122,"Torrey Pines","F",243.8,"Carcharodon carcharias","8/30/2032","Chris Lowe",NA,NA
"A69-9004-14388",8,2021-08-31 17:36:09,2021-11-28 02:50:09,"2021-45",1394087,"V16TP-6x-BLU-2-0204m",2021-08-27,"dart",34.404472,-119.55765,"Carpinteria","F",228,"Carcharodon carcharias","8/25/2031","Chris Lowe",NA,NA
"A69-1303-33545",7,2016-09-08 15:12:01,2016-09-18 15:06:37,NA,NA,NA,NA,NA,NA,NA,NA,NA,NA,"Carcharodon carcharias",NA,NA,NA,NA
"A69-1601-19099",7,2015-07-16 19:34:10,2015-07-20 04:33:46,"2014-04",1198170,"V13-1x-069k-3",2014-11-06,"dart",33.882561,-118.414091,"Unknown","U",NA,"Carcharodon carcharias","11/3/2015","Chris Lowe",NA,NA
"A69-1602-12257",7,2023-09-08 01:08:56,2023-09-13 20:51:04,"DDT-BR-23-02",1307116,"V13-1x-BLU-1",2023-07-28,NA,NA,NA,"Channel Islands","M",NA,"Myliobatis californica",NA,"Chris Lowe",NA,68
"A69-1602-58589",7,2021-07-03 13:50:39,2022-07-12 03:58:49,NA,NA,NA,NA,NA,NA,NA,NA,NA,NA,NA,NA,NA,NA,NA
"A69-1602-58598",7,2020-02-07 01:49:29,2020-02-07 02:01:25,NA,NA,NA,NA,NA,NA,NA,NA,NA,NA,NA,NA,NA,NA,NA
"A69-9001-4985",7,2020-07-25 00:00:02,2020-07-29 13:09:05,"2020-04",1334217,"V16-6x-069k-2",2020-01-15,"dart",35.20901,-120.86189,"Diablo Canyon","F",366,"Carcharodon carcharias","10/3/2025","Chris Lowe",NA,NA
"A69-9001-8566",7,2020-02-21 21:49:14,2020-02-22 12:07:32,"2019-14",1100361,"V16-5x-069k-2",2019-10-07,"dart",35.20901,-120.86189,"Diablo Canyon","M",274.32,"Carcharodon carcharias","3/24/2022","Chris Lowe",NA,NA
"A69-9001-8568",7,2020-11-11 12:41:31,2021-12-06 10:31:33,"2019-09",1301909,"V16-4x-069k-2",2019-09-25,"dart",35.20901,-120.86189,"Diablo Canyon","M",304.8,"Carcharodon carcharias","5/19/2021","Chris Lowe",NA,NA
"A69-9002-3586",7,2021-06-09 23:46:39,2021-11-23 09:42:48,"2021-27",1382584,"V16TP-6x-BLU-2-0204m",2021-06-02,"dart",34.41252,-119.562,"Carpinteria","F",185,"Carcharodon carcharias","5/31/2031","Chris Lowe",NA,NA
"A69-9002-3587",7,2021-06-23 14:49:40,2021-11-12 16:56:47,"2021-27",1382584,"V16TP-6x-BLU-2-0204m",2021-06-02,"dart",34.41252,-119.562,"Carpinteria","F",185,"Carcharodon carcharias","5/31/2031","Chris Lowe",NA,NA
"A69-9004-12212",7,2022-05-18 05:26:00,2022-05-26 15:49:31,"2022-17",1513505,"V16P-6x-BLU-2-0204m",2022-04-27,"dart",34.40827,-119.555,"Carpinteria","F",213.36,"Carcharodon carcharias","4/24/2032","Chris Lowe",NA,NA
"A69-9004-12214",7,2022-08-14 20:32:23,2022-09-27 16:33:54,"2022-13",1513507,"V16P-6x-BLU-2-0204m",2022-04-27,"dart",34.409,-119.556,"Carpinteria","F",182.88,"Carcharodon carcharias","4/24/2032","Chris Lowe",NA,NA
"A69-9004-14389",7,2021-08-28 15:02:04,2021-11-23 14:26:29,"2021-45",1394087,"V16TP-6x-BLU-2-0204m",2021-08-27,"dart",34.404472,-119.55765,"Carpinteria","F",228,"Carcharodon carcharias","8/25/2031","Chris Lowe",NA,NA
"A69-1303-46865",6,2016-03-03 20:20:31,2018-05-15 22:11:04,"2015-19",1096832,"V16-6x-069k-1",2015-12-16,"gillnet",34.3125,-119.49833,"Unknown","F",160,"Carcharodon carcharias","4/5/2024","Chris Lowe",NA,NA
"A69-1303-58458",6,2014-08-08 21:20:55,2014-08-08 21:32:17,NA,NA,NA,NA,NA,NA,NA,NA,NA,NA,NA,NA,NA,NA,NA
"A69-1602-3236",6,2018-06-03 21:38:55,2019-10-13 14:00:41,"2018-06",1276583,"V13-1x-069k-3",2018-04-15,"dart",34.411667,-119.559167,"Unknown","U",210,"Carcharodon carcharias","1/28/2020","Chris Lowe",NA,NA
"A69-1602-54051",6,2021-03-29 21:24:55,2021-04-03 12:52:32,NA,NA,NA,NA,NA,NA,NA,NA,NA,NA,NA,NA,NA,NA,NA
"A69-9001-24598",6,2019-06-02 18:19:52,2022-03-10 11:18:09,NA,NA,NA,NA,NA,NA,NA,NA,NA,NA,"Galeorhinus galeus",NA,NA,NA,NA
"A69-9001-24657",6,2016-05-30 21:50:15,2016-05-30 22:00:53,NA,NA,NA,NA,NA,NA,NA,NA,NA,NA,"Pseudobatos productus",NA,NA,NA,NA
"A69-9001-4708",6,2022-08-28 21:27:30,2022-08-28 21:56:59,"2022-58",1336192,"V16-6x",2022-08-25,"gillnet",34.152527,-119.230898,"Ventura","M",156.5,"Carcharodon carcharias","8/22/2032","Chris Lowe",NA,NA
"A69-9004-12219",6,2023-10-20 00:26:28,2023-10-20 06:53:55,"2023-34",1513512,"V16P-6x-BLU-2-0204m",2023-09-15,"dart",35.2091,-120.8613,"Diablo Canyon","M",335.3,"Carcharodon carcharias","9/12/2033","Chris Lowe",NA,NA
"A69-1303-6347",5,2016-06-23 22:59:47,2016-06-26 07:41:55,NA,NA,NA,NA,NA,NA,NA,NA,NA,NA,NA,NA,NA,NA,NA
"A69-1601-62065",5,2023-02-20 19:56:52,2023-02-23 05:00:39,NA,NA,NA,NA,NA,NA,NA,NA,NA,NA,NA,NA,NA,NA,NA
"A69-1602-3231",5,2018-05-25 01:29:35,2018-05-25 01:38:36,"2018-07",1276578,"V13-1x-069k-3",2018-04-15,"dart",34.4115,-119.559167,"Unknown","U",175,"Carcharodon carcharias","1/28/2020","Chris Lowe",NA,NA
"A69-9001-12062",5,2018-03-02 19:14:50,2021-07-24 06:29:31,NA,NA,NA,NA,NA,NA,NA,NA,NA,NA,NA,NA,NA,NA,NA
"A69-9001-24387",5,2018-01-04 18:44:51,2018-01-05 10:24:56,"2016-2MX",1195912,"V16-6x-069k-2",2016-07-15,"gillnet",27.86708,-114.40843,"Unknown","F",193,"Carcharodon carcharias","7/13/2026","Chris Lowe",NA,NA
"A69-9001-26866",5,2014-06-17 18:22:54,2014-09-02 19:38:57,NA,NA,NA,NA,NA,NA,NA,NA,NA,NA,"Galeorhinus galeus",NA,NA,NA,NA
"A69-9001-26867",5,2014-04-26 07:40:13,2016-04-14 07:51:26,NA,NA,NA,NA,NA,NA,NA,NA,NA,NA,"Galeorhinus galeus",NA,NA,NA,NA
"A69-9001-4705",5,2021-09-16 17:45:46,2021-09-25 15:48:53,"2021-13",1336189,"V16-6x",2021-08-11,"gillnet",34.410776,-119.557443,"SantaBarbara","M",199,"Carcharodon carcharias","8/9/2031","Chris Lowe",NA,NA
"A69-9007-606",5,2021-08-03 08:26:26,2022-05-07 00:51:23,"2021-31",1362764,"V13TP-1x-BLU-3-0034m",2021-07-23,"dart",34.413109,-119.5629,"Carpinteria","F",213,"Carcharodon carcharias","4/8/2022","Chris Lowe",NA,NA
"A69-9007-607",5,2021-08-03 08:25:28,2022-05-07 00:50:34,"2021-31",1362764,"V13TP-1x-BLU-3-0034m",2021-07-23,"dart",34.413109,-119.5629,"Carpinteria","F",213,"Carcharodon carcharias","4/8/2022","Chris Lowe",NA,NA
"A69-1303-6338",4,2018-05-07 22:16:02,2018-05-24 13:50:44,NA,NA,NA,NA,NA,NA,NA,NA,NA,NA,NA,NA,NA,NA,NA
"A69-1601-57523",4,2018-09-28 06:18:01,2018-09-28 07:39:53,"2017-01",1219516,"V16-6x-069k-2",2017-04-22,"dart",33.318807,-117.865563,"Unknown","F",NA,"Carcharodon carcharias","4/21/2022","Chris Lowe",NA,NA
"A69-1602-58591",4,2021-07-29 01:41:50,2021-07-29 01:49:05,NA,NA,NA,NA,NA,NA,NA,NA,NA,NA,NA,NA,NA,NA,NA
"A69-1602-9671",4,2016-06-07 22:02:43,2020-10-05 19:44:31,NA,NA,NA,NA,NA,NA,NA,NA,NA,NA,NA,NA,NA,NA,NA
"A69-9001-4325",4,2021-05-09 10:16:18,2021-05-09 10:29:37,"2020-11",1342046,"V16-4x-069k-2",2020-04-03,"dart",34.404,-119.5475,"Carpinteria","F",197,"Carcharodon carcharias","11/26/2021","Chris Lowe",NA,NA
"A69-9001-55586",4,2023-06-20 14:02:13,2023-06-21 03:17:54,NA,NA,NA,NA,NA,NA,NA,NA,NA,NA,NA,NA,NA,NA,NA
"A69-9001-63063",4,2021-09-11 17:00:24,2021-11-25 07:15:39,"2021-40",1382609,"V16-6x-BLU-2",2021-08-25,"dart",34.03517,-118.543293,"Santa Monica","M",192,"Carcharodon carcharias","8/23/2031","Chris Lowe",NA,NA
"A69-9004-12196",4,2023-10-07 14:36:23,2023-10-07 20:24:35,"2022-82",1513489,"V16P-6x-BLU-2-0204m",2022-10-10,"dart",32.9193,-117.26043,"Torrey Pines","M",213.4,"Carcharodon carcharias","10/7/2032","Chris Lowe",NA,NA
"A69-9004-12210",4,2022-05-20 15:05:37,2022-05-23 07:26:55,"2022-21",1513503,"V16P-6x-BLU-2-0204m",2022-05-05,"dart",34.4039279,-119.549353,"Carpinteria","F",182.9,"Carcharodon carcharias","5/2/2032","Chris Lowe",NA,NA
"A69-9004-12213",4,2022-05-17 10:40:31,2022-05-25 05:02:18,"2022-12",1513506,"V16P-6x-BLU-2-0204m",2022-04-15,"dart",34.408973,-119.555042,"Carpinteria","F",268.2,"Carcharodon carcharias","4/12/2032","Chris Lowe",NA,NA
"A69-9004-12231",4,2022-07-11 03:36:21,2022-07-30 09:19:56,"2022-28",1513464,"V16TP-6x-BLU-2-0204m",2022-06-15,"dart",34.4072883,-119.5527697,"Carpinteria","M",274,"Carcharodon carcharias","6/12/2032","Chris Lowe",NA,NA
"A69-9004-12239",4,2023-02-02 07:28:29,2023-02-12 02:50:16,"2022-31",1513468,"V16TP-6x-BLU-2-0204m",2022-06-23,"dart",32.951165,-117.269957,"Del Mar","F",213.4,"Carcharodon carcharias","6/20/2032","Chris Lowe",NA,NA
"A69-1303-4097",3,2017-08-28 00:36:13,2019-10-01 21:52:50,NA,NA,NA,NA,NA,NA,NA,NA,NA,NA,NA,NA,NA,NA,NA
"A69-1303-6156",3,2016-06-10 13:22:06,2016-06-10 13:25:42,NA,NA,NA,NA,NA,NA,NA,NA,NA,NA,"Carcharodon carcharias",NA,NA,NA,NA
"A69-1303-6349",3,2017-08-29 18:43:12,2017-08-29 18:49:47,NA,NA,NA,NA,NA,NA,NA,NA,NA,NA,NA,NA,NA,NA,NA
"A69-1601-62006",3,2020-08-12 14:57:15,2020-11-29 18:44:19,NA,NA,NA,NA,NA,NA,NA,NA,NA,NA,NA,NA,NA,NA,NA
"A69-1602-2228",3,2018-05-25 01:34:06,2018-05-25 01:39:36,"2017-29",1274018,"V13-1x-069k-3",2017-08-24,"dart",34.41322,-119.56049,"Unknown","U",274,"Carcharodon carcharias","6/8/2019","Chris Lowe",NA,NA
"A69-1602-33464",3,2014-10-23 19:46:02,2018-10-02 17:12:49,NA,NA,NA,NA,NA,NA,NA,NA,NA,NA,NA,NA,NA,NA,NA
"A69-1602-8660",3,2020-07-20 19:32:16,2020-07-20 19:45:41,"2020-10",1294998,"V13-1x-069k-3",2020-04-03,"dart",34.404,-119.5475,"Carpinteria","U",183,"Carcharodon carcharias","12/21/2025","Chris Lowe",NA,NA
"A69-9001-12145",3,2018-06-30 03:35:28,2018-06-30 03:38:02,NA,NA,NA,NA,NA,NA,NA,NA,NA,NA,NA,NA,NA,NA,NA
"A69-9001-12151",3,2018-11-19 07:50:10,2018-11-19 09:54:55,NA,NA,NA,NA,NA,NA,NA,NA,NA,NA,NA,NA,NA,NA,NA
"A69-9001-13026",3,2018-01-16 00:01:35,2018-01-16 04:03:41,NA,NA,NA,NA,NA,NA,NA,NA,NA,NA,NA,NA,NA,NA,NA
"A69-9001-4706",3,2022-05-05 23:33:42,2022-05-05 23:43:21,"2021-64",1336190,"V16-6x",2021-10-14,"gillnet",34.161015,-119.237388,"Oxnard","M",163,"Carcharodon carcharias","10/12/2031","Chris Lowe",NA,NA
"A69-9001-55582",3,2023-09-02 21:12:08,2023-09-02 21:16:47,NA,NA,NA,NA,NA,NA,NA,NA,NA,NA,NA,NA,NA,NA,NA
"A69-9004-12199",3,2023-03-19 05:58:06,2023-03-20 12:01:35,"2022-79",1513492,"V16P-6x-BLU-2-0204m",2022-09-26,"dart",32.91688,-117.26067,"Torrey Pines","M",243.8,"Carcharodon carcharias","9/23/2032","Chris Lowe",NA,NA
"A69-9004-12205",3,2023-07-21 01:46:50,2023-07-21 01:52:08,"2022-44",1513498,"V16P-6x-BLU-2-0204m",2022-07-18,"dart",32.91605,-117.26111,"Torrey Pines","M",198.1,"Carcharodon carcharias","7/15/2032","Chris Lowe",NA,NA
"A69-9004-12240",3,2023-02-02 07:25:20,2023-02-13 06:20:35,"2022-31",1513468,"V16TP-6x-BLU-2-0204m",2022-06-23,"dart",32.951165,-117.269957,"Del Mar","F",213.4,"Carcharodon carcharias","6/20/2032","Chris Lowe",NA,NA
"A69-9004-14390",3,2021-09-19 05:54:16,2021-10-05 09:24:58,"2021-50",1394088,"V16TP-6x-BLU-2-0204m",2021-09-08,"dart",34.412137,-119.568694,"Carpinteria","F",198,"Carcharodon carcharias","9/6/2031","Chris Lowe",NA,NA
"A69-1303-6165",2,2016-07-15 02:35:06,2016-07-15 02:38:09,NA,NA,NA,NA,NA,NA,NA,NA,NA,NA,NA,NA,NA,NA,NA
"A69-1601-27074",2,2015-03-30 22:57:39,2015-03-30 22:58:34,NA,NA,NA,NA,NA,NA,NA,NA,NA,NA,"Seriola lalandi",NA,NA,NA,NA
"A69-1601-62806",2,2019-05-22 17:33:41,2019-05-22 17:33:58,NA,NA,NA,NA,NA,NA,NA,NA,NA,NA,NA,NA,NA,NA,NA
"A69-1602-1352",2,2018-05-09 13:41:13,2018-05-09 13:43:33,"2017-28",1270633,"V13-1x-069k-3",2017-08-24,"dart",34.41136,-119.5584,"Unknown","U",304,"Carcharodon carcharias","6/8/2019","Chris Lowe",NA,NA
"A69-1602-14302",2,2019-10-02 14:46:00,2020-03-14 19:16:05,NA,NA,NA,NA,NA,NA,NA,NA,NA,NA,NA,NA,NA,NA,NA
"A69-1602-46492",2,2017-03-11 19:41:32,2017-03-11 19:43:34,NA,NA,NA,NA,NA,NA,NA,NA,NA,NA,NA,NA,NA,NA,NA
"A69-1602-48637",2,2017-10-23 16:57:35,2018-11-26 15:21:46,NA,NA,NA,NA,NA,NA,NA,NA,NA,NA,NA,NA,NA,NA,NA
"A69-1602-48947",2,2019-07-28 17:46:50,2019-09-24 13:49:26,NA,NA,NA,NA,NA,NA,NA,NA,NA,NA,NA,NA,NA,NA,NA
"A69-1602-52300",2,2022-05-22 15:52:12,2022-05-22 20:57:18,NA,NA,NA,NA,NA,NA,NA,NA,NA,NA,NA,NA,NA,NA,NA
"A69-1602-58084",2,2021-10-29 00:47:59,2021-10-29 00:49:43,NA,NA,NA,NA,NA,NA,NA,NA,NA,NA,NA,NA,NA,NA,NA
"A69-9001-13339",2,2019-11-03 15:23:42,2020-12-02 20:45:16,NA,NA,NA,NA,NA,NA,NA,NA,NA,NA,"Galeorhinus galeus",NA,NA,NA,NA
"A69-9001-55571",2,2023-09-17 02:33:32,2023-09-17 02:37:58,NA,NA,NA,NA,NA,NA,NA,NA,NA,NA,NA,NA,NA,NA,NA
"A69-9001-63061",2,2022-02-11 12:21:22,2022-02-11 12:24:40,"2021-54",1382607,"V16-6x-BLU-2",2021-09-10,"dart",32.947642,-117.267535,"Del Mar","F",213.36,"Carcharodon carcharias","9/8/2031","Chris Lowe",NA,NA
"A69-9001-8574",2,2021-11-30 15:53:32,2021-11-30 15:55:32,NA,NA,NA,NA,NA,NA,NA,NA,NA,NA,NA,NA,NA,NA,NA
"A69-9001-8577",2,2020-01-30 04:50:45,2020-01-30 04:52:40,"2020-02",1301918,"V16-4x-069k-2",2020-01-15,"dart",35.20901,-120.86189,"Diablo Canyon","F",259,"Carcharodon carcharias","10/3/2025","Chris Lowe",NA,NA
"A69-9004-12232",2,2022-07-24 02:26:22,2022-07-25 22:46:20,"2022-28",1513464,"V16TP-6x-BLU-2-0204m",2022-06-15,"dart",34.4072883,-119.5527697,"Carpinteria","M",274,"Carcharodon carcharias","6/12/2032","Chris Lowe",NA,NA
"A69-9004-12237",2,2023-07-14 12:30:45,2023-07-14 16:47:13,"2022-47",1513467,"V16TP-6x-BLU-2-0204m",2022-08-09,"dart",32.9129,-117.261,"Torrey Pines","F",213.4,"Carcharodon carcharias","8/6/2032","Chris Lowe",NA,NA
"A69-9004-14391",2,2021-09-22 05:49:06,2021-10-05 09:22:19,"2021-50",1394088,"V16TP-6x-BLU-2-0204m",2021-09-08,"dart",34.412137,-119.568694,"Carpinteria","F",198,"Carcharodon carcharias","9/6/2031","Chris Lowe",NA,NA
